,count,mean,std,min,25%,50%,75%,max,median,skew,kurtosis,missing_count,missing_pct
fixed acidity,1599.0,8.31963727329581,1.7410963181276953,4.6,7.1,7.9,9.2,15.9,7.9,0.9827514413284587,1.1321433977276252,0,0.0
volatile acidity,1599.0,0.5278205128205128,0.17905970415353537,0.12,0.39,0.52,0.64,1.58,0.52,0.6715925723840199,1.2255422501791422,0,0.0
citric acid,1599.0,0.2709756097560976,0.19480113740531857,0.0,0.09,0.26,0.42,1.0,0.26,0.3183372952546368,-0.7889975153633966,0,0.0
residual sugar,1599.0,2.53880550343965,1.4099280595072798,0.9,1.9,2.2,2.6,15.5,2.2,4.54065542590319,28.617595424475443,0,0.0
chlorides,1599.0,0.08746654158849279,0.0470653020100901,0.012,0.07,0.079,0.09,0.611,0.079,5.680346571971724,41.71578724757661,0,0.0
free sulfur dioxide,1599.0,15.874921826141339,10.460156969809725,1.0,7.0,14.0,21.0,72.0,14.0,1.250567293314441,2.023562045840575,0,0.0
total sulfur dioxide,1599.0,46.46779237023139,32.895324478299074,6.0,22.0,38.0,62.0,289.0,38.0,1.515531257594554,3.8098244878645744,0,0.0
density,1599.0,0.9967466791744841,0.0018873339538425554,0.99007,0.9956,0.99675,0.997835,1.00369,0.99675,0.07128766294927483,0.9340790654648123,0,0.0
pH,1599.0,3.3111131957473416,0.15438646490354277,2.74,3.21,3.31,3.4,4.01,3.31,0.19368349811284427,0.806942508246574,0,0.0
sulphates,1599.0,0.6581488430268917,0.16950697959010996,0.33,0.55,0.62,0.73,2.0,0.62,2.4286723536602945,11.720250727147674,0,0.0
alcohol,1599.0,10.422983114446529,1.0656675818473946,8.4,9.5,10.2,11.1,14.9,10.2,0.8608288068888538,0.2000293113417695,0,0.0
quality,1599.0,5.6360225140712945,0.807569439734705,3.0,5.0,6.0,6.0,8.0,6.0,0.21780157547366327,0.2967081197538759,0,0.0
