feature,Q1,Q3,IQR,lower_bound,upper_bound,outlier_count,outlier_pct
residual sugar,1.9,2.6,0.7000000000000002,0.8499999999999996,3.6500000000000004,155,9.693558474046279
chlorides,0.07,0.09,0.01999999999999999,0.04000000000000002,0.11999999999999998,112,7.004377736085053
sulphates,0.55,0.73,0.17999999999999994,0.28000000000000014,0.9999999999999999,59,3.6898061288305186
total sulfur dioxide,22.0,62.0,40.0,-38.0,122.0,55,3.4396497811131956
fixed acidity,7.1,9.2,2.0999999999999996,3.95,12.349999999999998,49,3.0644152595372107
density,0.9956,0.997835,0.002234999999999987,0.9922475000000001,1.0011875,45,2.8142589118198873
pH,3.21,3.4,0.18999999999999995,2.925,3.6849999999999996,35,2.1888680425265794
free sulfur dioxide,7.0,21.0,14.0,-14.0,42.0,30,1.876172607879925
quality,5.0,6.0,1.0,3.5,7.5,28,1.7510944340212633
volatile acidity,0.39,0.64,0.25,0.015000000000000013,1.0150000000000001,19,1.188242651657286
alcohol,9.5,11.1,1.5999999999999996,7.1000000000000005,13.5,13,0.8130081300813009
citric acid,0.09,0.42,0.32999999999999996,-0.4049999999999999,0.9149999999999999,1,0.06253908692933083
