feature,importance_mean,importance_std
alcohol,0.14634194923073893,0.013330357737398555
sulphates,0.11585000378582093,0.010459958116359516
volatile acidity,0.07067336519746448,0.006150007209043531
total sulfur dioxide,0.034659397426302516,0.005665261357022935
density,0.028677270918613978,0.0036415765742637005
citric acid,0.024717203057799935,0.003299442686965825
fixed acidity,0.016867499939872133,0.0022480231776752777
chlorides,0.01550425349254671,0.0027616535779812247
pH,0.014793576293000533,0.0026182240072513394
free sulfur dioxide,0.01390881172769381,0.0030347367794952523
residual sugar,0.011247425726140192,0.002232606935850665
