actual,predicted,residual
6,5.36,0.6399999999999997
5,5.11,-0.11000000000000032
6,5.29,0.71
5,5.28,-0.28000000000000025
6,5.995,0.004999999999999893
5,5.075,-0.07500000000000018
5,5.095,-0.09499999999999975
5,5.025,-0.025000000000000355
5,6.155,-1.1550000000000002
6,5.915,0.08499999999999996
7,6.66,0.33999999999999986
3,5.37,-2.37
5,5.765,-0.7649999999999997
5,5.245,-0.2450000000000001
6,5.45,0.5499999999999998
7,6.345,0.6550000000000002
5,5.39,-0.3899999999999997
7,5.635,1.3650000000000002
8,6.775,1.2249999999999996
5,5.08,-0.08000000000000007
5,4.91,0.08999999999999986
6,5.795,0.20500000000000007
5,5.505,-0.5049999999999999
6,6.025,-0.025000000000000355
6,5.57,0.4299999999999997
6,5.98,0.019999999999999574
7,6.505,0.4950000000000001
6,5.48,0.5199999999999996
5,5.345,-0.34499999999999975
6,5.98,0.019999999999999574
5,5.28,-0.28000000000000025
5,5.5,-0.5
6,5.855,0.14499999999999957
5,5.465,-0.46499999999999986
6,5.765,0.23500000000000032
5,5.05,-0.04999999999999982
7,6.345,0.6550000000000002
5,5.995,-0.9950000000000001
4,5.455,-1.455
6,6.035,-0.03500000000000014
5,5.205,-0.20500000000000007
5,5.145,-0.14499999999999957
7,6.25,0.75
5,5.03,-0.03000000000000025
5,5.73,-0.7300000000000004
6,5.75,0.25
7,6.43,0.5700000000000003
6,5.59,0.41000000000000014
5,5.11,-0.11000000000000032
6,5.695,0.3049999999999997
5,5.1,-0.09999999999999964
5,5.29,-0.29000000000000004
5,5.35,-0.34999999999999964
7,6.82,0.17999999999999972
6,5.28,0.7199999999999998
6,5.595,0.40500000000000025
6,6.025,-0.025000000000000355
5,5.72,-0.7199999999999998
5,5.735,-0.7350000000000003
5,5.025,-0.025000000000000355
5,5.58,-0.5800000000000001
7,6.2,0.7999999999999998
5,5.52,-0.5199999999999996
6,5.225,0.7750000000000004
6,6.665,-0.665
5,5.41,-0.41000000000000014
6,6.545,-0.5449999999999999
5,5.64,-0.6399999999999997
6,6.49,-0.4900000000000002
5,5.465,-0.46499999999999986
6,6.105,-0.10500000000000043
4,5.225,-1.2249999999999996
6,5.815,0.1849999999999996
6,5.525,0.47499999999999964
6,6.015,-0.01499999999999968
5,5.085,-0.08499999999999996
8,6.74,1.2599999999999998
5,5.23,-0.23000000000000043
6,5.88,0.1200000000000001
6,6.425,-0.4249999999999998
5,5.095,-0.09499999999999975
6,6.715,-0.7149999999999999
5,5.175,-0.17499999999999982
6,5.665,0.33499999999999996
6,5.735,0.2649999999999997
7,6.27,0.7300000000000004
5,5.045,-0.04499999999999993
6,6.03,-0.03000000000000025
7,6.425,0.5750000000000002
4,5.4,-1.4000000000000004
7,6.185,0.8150000000000004
6,5.695,0.3049999999999997
5,5.035,-0.03500000000000014
5,5.2,-0.20000000000000018
5,5.36,-0.3600000000000003
6,5.595,0.40500000000000025
5,5.16,-0.16000000000000014
6,5.9,0.09999999999999964
5,4.67,0.33000000000000007
6,5.445,0.5549999999999997
5,5.195,-0.19500000000000028
5,5.06,-0.05999999999999961
5,5.73,-0.7300000000000004
7,6.415,0.585
6,5.56,0.4400000000000004
7,6.705,0.29499999999999993
6,5.92,0.08000000000000007
5,5.26,-0.2599999999999998
6,5.5,0.5
5,5.23,-0.23000000000000043
8,6.58,1.42
5,5.095,-0.09499999999999975
6,6.37,-0.3700000000000001
5,5.05,-0.04999999999999982
6,5.33,0.6699999999999999
7,6.06,0.9400000000000004
6,5.625,0.375
6,5.35,0.6500000000000004
5,5.135,-0.1349999999999998
6,5.77,0.23000000000000043
6,6.01,-0.009999999999999787
6,5.735,0.2649999999999997
6,5.79,0.20999999999999996
6,5.415,0.585
6,5.675,0.3250000000000002
6,5.285,0.7149999999999999
7,6.305,0.6950000000000003
6,5.51,0.4900000000000002
5,5.22,-0.21999999999999975
5,5.57,-0.5700000000000003
6,5.815,0.1849999999999996
5,5.29,-0.29000000000000004
5,5.05,-0.04999999999999982
5,6.33,-1.33
6,5.695,0.3049999999999997
5,5.025,-0.025000000000000355
5,5.01,-0.009999999999999787
5,5.295,-0.29499999999999993
5,5.22,-0.21999999999999975
6,5.775,0.22499999999999964
7,6.595,0.40500000000000025
6,6.115,-0.11500000000000021
8,6.785,1.2149999999999999
5,5.415,-0.41500000000000004
5,5.71,-0.71
5,5.11,-0.11000000000000032
6,5.775,0.22499999999999964
6,5.615,0.3849999999999998
6,5.63,0.3700000000000001
5,5.04,-0.040000000000000036
6,5.86,0.13999999999999968
7,6.285,0.7149999999999999
6,5.415,0.585
5,5.185,-0.1849999999999996
6,5.815,0.1849999999999996
5,5.39,-0.3899999999999997
5,5.57,-0.5700000000000003
6,6.365,-0.3650000000000002
6,5.24,0.7599999999999998
6,5.925,0.07500000000000018
7,6.0,1.0
5,5.56,-0.5599999999999996
7,6.25,0.75
5,5.075,-0.07500000000000018
5,5.395,-0.3949999999999996
5,5.745,-0.7450000000000001
6,5.495,0.5049999999999999
6,5.095,0.9050000000000002
5,4.95,0.04999999999999982
5,5.14,-0.13999999999999968
6,5.14,0.8600000000000003
5,4.95,0.04999999999999982
7,6.33,0.6699999999999999
6,5.35,0.6500000000000004
7,6.59,0.41000000000000014
6,5.895,0.10500000000000043
6,6.06,-0.05999999999999961
5,5.13,-0.1299999999999999
5,5.465,-0.46499999999999986
6,5.305,0.6950000000000003
4,4.675,-0.6749999999999998
6,6.03,-0.03000000000000025
5,5.56,-0.5599999999999996
7,6.36,0.6399999999999997
5,5.0,0.0
5,6.335,-1.335
4,5.675,-1.6749999999999998
5,5.775,-0.7750000000000004
7,6.745,0.2549999999999999
6,5.35,0.6500000000000004
5,5.575,-0.5750000000000002
6,6.08,-0.08000000000000007
6,5.22,0.7800000000000002
7,6.34,0.6600000000000001
6,5.785,0.21499999999999986
5,5.04,-0.040000000000000036
5,4.775,0.22499999999999964
6,5.83,0.16999999999999993
5,5.44,-0.4400000000000004
7,6.705,0.29499999999999993
5,5.17,-0.16999999999999993
6,5.355,0.6449999999999996
6,5.42,0.5800000000000001
5,5.15,-0.15000000000000036
7,6.615,0.3849999999999998
5,5.43,-0.4299999999999997
5,5.145,-0.14499999999999957
5,5.365,-0.3650000000000002
6,5.945,0.054999999999999716
7,5.97,1.0300000000000002
7,7.18,-0.17999999999999972
5,5.035,-0.03500000000000014
5,5.315,-0.3150000000000004
6,6.555,-0.5549999999999997
6,6.215,-0.21499999999999986
7,6.04,0.96
6,5.82,0.17999999999999972
5,5.11,-0.11000000000000032
6,5.93,0.07000000000000028
6,5.69,0.3099999999999996
6,5.725,0.27500000000000036
6,6.11,-0.11000000000000032
6,6.16,-0.16000000000000014
7,6.175,0.8250000000000002
4,5.135,-1.1349999999999998
5,5.01,-0.009999999999999787
5,5.225,-0.22499999999999964
7,6.905,0.09499999999999975
5,5.38,-0.3799999999999999
5,5.57,-0.5700000000000003
5,5.21,-0.20999999999999996
5,4.81,0.1900000000000004
6,6.4,-0.40000000000000036
6,5.895,0.10500000000000043
5,5.195,-0.19500000000000028
7,6.705,0.29499999999999993
5,5.015,-0.01499999999999968
6,5.735,0.2649999999999997
6,5.735,0.2649999999999997
6,5.07,0.9299999999999997
5,5.62,-0.6200000000000001
4,5.1,-1.0999999999999996
6,5.845,0.15500000000000025
7,6.67,0.33000000000000007
6,5.575,0.4249999999999998
7,6.475,0.5250000000000004
5,5.62,-0.6200000000000001
6,5.515,0.4850000000000003
6,6.6,-0.5999999999999996
5,5.02,-0.019999999999999574
5,5.825,-0.8250000000000002
6,5.47,0.5300000000000002
5,5.4,-0.40000000000000036
6,5.65,0.34999999999999964
4,5.135,-1.1349999999999998
5,5.3,-0.2999999999999998
6,5.45,0.5499999999999998
6,5.355,0.6449999999999996
5,5.78,-0.7800000000000002
6,6.455,-0.45500000000000007
6,6.37,-0.3700000000000001
5,5.395,-0.3949999999999996
5,5.13,-0.1299999999999999
6,6.31,-0.3099999999999996
7,5.825,1.1749999999999998
7,6.465,0.5350000000000001
6,5.495,0.5049999999999999
5,5.235,-0.23500000000000032
6,5.985,0.01499999999999968
6,6.115,-0.11500000000000021
5,5.06,-0.05999999999999961
6,5.865,0.1349999999999998
5,5.4,-0.40000000000000036
6,5.72,0.28000000000000025
5,5.6,-0.5999999999999996
5,5.515,-0.5149999999999997
5,5.67,-0.6699999999999999
6,6.485,-0.4850000000000003
6,6.41,-0.41000000000000014
6,5.94,0.05999999999999961
7,6.935,0.06500000000000039
5,5.03,-0.03000000000000025
5,5.495,-0.4950000000000001
6,5.38,0.6200000000000001
5,5.46,-0.45999999999999996
7,6.475,0.5250000000000004
5,5.03,-0.03000000000000025
6,6.115,-0.11500000000000021
4,5.395,-1.3949999999999996
6,5.895,0.10500000000000043
6,5.375,0.625
8,6.715,1.2850000000000001
6,6.41,-0.41000000000000014
5,5.17,-0.16999999999999993
5,5.145,-0.14499999999999957
6,6.29,-0.29000000000000004
5,5.345,-0.34499999999999975
7,6.66,0.33999999999999986
6,6.16,-0.16000000000000014
6,6.14,-0.13999999999999968
5,5.05,-0.04999999999999982
5,5.01,-0.009999999999999787
7,6.25,0.75
6,5.375,0.625
6,5.795,0.20500000000000007
5,5.24,-0.2400000000000002
6,5.885,0.11500000000000021
6,5.88,0.1200000000000001
5,5.755,-0.7549999999999999
7,6.945,0.054999999999999716
6,5.355,0.6449999999999996
6,5.345,0.6550000000000002
6,5.72,0.28000000000000025
6,5.565,0.4349999999999996
5,5.465,-0.46499999999999986
6,5.91,0.08999999999999986
5,5.055,-0.054999999999999716
5,5.095,-0.09499999999999975
6,6.28,-0.28000000000000025
4,5.105,-1.1050000000000004
